{"stat.walkOneCm":26571,"stat.boatOneCm":4566,"stat.leaveGame":4,"stat.damageTaken":606,"stat.pickup.minecraft.cobblestone":4,"stat.pickup.minecraft.spawn_egg":7,"stat.flyOneCm":22195,"stat.deaths":3,"stat.pickup.minecraft.diamond":64,"stat.jump":113,"stat.playOneMinute":11871,"stat.fallOneCm":3547,"stat.entityKilledBy.Zombie":1,"stat.sneakTime":51,"stat.damageDealt":174,"stat.crouchOneCm":135,"stat.timeSinceDeath":895,"stat.sprintOneCm":14948,"stat.useItem.minecraft.stone_slab2":1,"stat.useItem.minecraft.spawn_egg":1,"stat.pickup.minecraft.gold_ingot":64}