{"stat.walkOneCm":38372,"stat.pickup.minecraft.golden_apple":60,"stat.playerKills":1,"stat.leaveGame":5,"stat.pickup.minecraft.iron_sword":22,"stat.killEntity.bee":1,"stat.talkedToVillager":1,"stat.jump":186,"stat.fallOneCm":209,"stat.pickup.minecraft.beef":45,"stat.pickup.minecraft.porkchop":19,"stat.crouchOneCm":616,"stat.pickup.minecraft.dirt":1,"stat.sprintOneCm":11579,"stat.useItem.minecraft.stone_slab2":404,"stat.pickup.minecraft.bow":20,"stat.drop.minecraft.iron_sword":1,"stat.pickup.minecraft.gold_ingot":64,"stat.useItem.minecraft.iron_sword":4,"stat.killEntity.jenny":2,"stat.pickup.minecraft.leather":2,"stat.mobKills":10,"stat.pickup.minecraft.spawn_egg":4,"stat.flyOneCm":320598,"stat.pickup.minecraft.bed":1,"stat.deaths":7,"stat.pickup.minecraft.diamond":384,"stat.drop":1,"stat.playOneMinute":34857,"stat.killEntity.Sheep":1,"stat.sneakTime":609,"stat.damageDealt":456,"stat.timeSinceDeath":1540,"stat.useItem.minecraft.spawn_egg":71,"stat.killEntity.Pig":1,"stat.pickup.minecraft.mutton":2}