{"stat.chestOpened":1,"stat.useItem.minecraft.bow":7,"stat.pickup.minecraft.wooden_slab":8,"stat.leaveGame":12,"stat.pickup.minecraft.iron_sword":39,"stat.killEntity.bee":1,"stat.useItem.minecraft.diamond_sword":6,"stat.useItem.minecraft.potion":1,"stat.pickup.minecraft.diamond_sword":2,"stat.useItem.minecraft.bedrock":302,"stat.jump":531,"stat.swimOneCm":276,"stat.fallOneCm":209,"stat.climbOneCm":879,"stat.pickup.minecraft.porkchop":48,"stat.crouchOneCm":3098,"stat.pickup.minecraft.sticky_piston":1,"stat.pickup.minecraft.dirt":1,"stat.useItem.minecraft.stone_slab2":787,"stat.pickup.minecraft.bow":35,"stat.drop.minecraft.iron_sword":1,"stat.pickup.minecraft.milk_bucket":3,"stat.pickup.minecraft.gold_ore":1,"stat.killEntity.jenny":4,"stat.pickup.minecraft.leather":2,"stat.useItem.minecraft.slime":11,"stat.flyOneCm":715872,"stat.pickup.minecraft.bed":4,"stat.useItem.minecraft.ender_pearl":2,"stat.pickup.minecraft.wheat_seeds":3,"stat.damageDealt":1145,"stat.sleepInBed":1,"stat.timeSinceDeath":12125,"stat.useItem.minecraft.spawn_egg":226,"stat.killEntity.Pig":1,"stat.pickup.minecraft.mutton":2,"stat.walkOneCm":143142,"stat.pickup.minecraft.golden_apple":60,"stat.playerKills":1,"stat.useItem.minecraft.lava_bucket":53,"stat.talkedToVillager":1,"stat.drop.minecraft.spawn_egg":1,"stat.pickup.minecraft.beef":49,"stat.pickup.minecraft.ender_pearl":16,"stat.sprintOneCm":45721,"stat.pickup.minecraft.gold_ingot":128,"stat.useItem.minecraft.iron_sword":4,"stat.pickup.minecraft.grass":3,"stat.mobKills":12,"stat.pickup.minecraft.spawn_egg":8,"stat.deaths":13,"stat.pickup.minecraft.diamond":512,"stat.drop":2,"stat.playOneMinute":94421,"stat.pickup.minecraft.torch":4926,"stat.killEntity.Sheep":1,"stat.sneakTime":1558,"stat.pickup.minecraft.glass_pane":1,"stat.diveOneCm":203}