{"stat.walkOneCm":35829,"stat.pickup.minecraft.golden_apple":60,"stat.playerKills":1,"stat.leaveGame":3,"stat.pickup.minecraft.iron_sword":21,"stat.killEntity.bee":1,"stat.talkedToVillager":1,"stat.jump":180,"stat.fallOneCm":209,"stat.pickup.minecraft.beef":45,"stat.pickup.minecraft.porkchop":19,"stat.crouchOneCm":616,"stat.pickup.minecraft.dirt":1,"stat.sprintOneCm":11156,"stat.useItem.minecraft.stone_slab2":404,"stat.pickup.minecraft.bow":20,"stat.pickup.minecraft.gold_ingot":64,"stat.useItem.minecraft.iron_sword":4,"stat.killEntity.jenny":2,"stat.pickup.minecraft.leather":2,"stat.mobKills":10,"stat.pickup.minecraft.spawn_egg":4,"stat.flyOneCm":308826,"stat.pickup.minecraft.bed":1,"stat.deaths":6,"stat.pickup.minecraft.diamond":384,"stat.playOneMinute":32732,"stat.killEntity.Sheep":1,"stat.sneakTime":605,"stat.damageDealt":456,"stat.timeSinceDeath":2634,"stat.useItem.minecraft.spawn_egg":56,"stat.killEntity.Pig":1,"stat.pickup.minecraft.mutton":2}