{"stat.chestOpened":1,"stat.useItem.minecraft.bow":7,"stat.pickup.minecraft.wooden_slab":8,"stat.leaveGame":10,"stat.pickup.minecraft.iron_sword":39,"stat.killEntity.bee":1,"stat.useItem.minecraft.diamond_sword":6,"stat.useItem.minecraft.potion":1,"stat.pickup.minecraft.diamond_sword":2,"stat.useItem.minecraft.bedrock":302,"stat.jump":508,"stat.swimOneCm":276,"stat.fallOneCm":209,"stat.climbOneCm":879,"stat.pickup.minecraft.porkchop":48,"stat.crouchOneCm":2700,"stat.pickup.minecraft.dirt":1,"stat.useItem.minecraft.stone_slab2":766,"stat.pickup.minecraft.bow":35,"stat.drop.minecraft.iron_sword":1,"stat.pickup.minecraft.milk_bucket":3,"stat.pickup.minecraft.gold_ore":1,"stat.killEntity.jenny":4,"stat.pickup.minecraft.leather":2,"stat.useItem.minecraft.slime":11,"stat.flyOneCm":697255,"stat.pickup.minecraft.bed":4,"stat.useItem.minecraft.ender_pearl":2,"stat.pickup.minecraft.wheat_seeds":3,"stat.damageDealt":1015,"stat.timeSinceDeath":4286,"stat.useItem.minecraft.spawn_egg":224,"stat.killEntity.Pig":1,"stat.pickup.minecraft.mutton":2,"stat.walkOneCm":131467,"stat.pickup.minecraft.golden_apple":60,"stat.playerKills":1,"stat.useItem.minecraft.lava_bucket":53,"stat.talkedToVillager":1,"stat.drop.minecraft.spawn_egg":1,"stat.pickup.minecraft.beef":49,"stat.pickup.minecraft.ender_pearl":16,"stat.sprintOneCm":40518,"stat.pickup.minecraft.gold_ingot":128,"stat.useItem.minecraft.iron_sword":4,"stat.pickup.minecraft.grass":2,"stat.mobKills":12,"stat.pickup.minecraft.spawn_egg":7,"stat.deaths":13,"stat.pickup.minecraft.diamond":512,"stat.drop":2,"stat.playOneMinute":86582,"stat.pickup.minecraft.torch":4926,"stat.killEntity.Sheep":1,"stat.sneakTime":1429,"stat.pickup.minecraft.glass_pane":1,"stat.diveOneCm":203}