{"stat.walkOneCm":51955,"stat.pickup.minecraft.golden_apple":60,"stat.playerKills":1,"stat.leaveGame":6,"stat.pickup.minecraft.iron_sword":24,"stat.killEntity.bee":1,"stat.talkedToVillager":1,"stat.useItem.minecraft.potion":1,"stat.jump":223,"stat.fallOneCm":209,"stat.pickup.minecraft.beef":49,"stat.pickup.minecraft.porkchop":39,"stat.crouchOneCm":616,"stat.pickup.minecraft.dirt":1,"stat.sprintOneCm":14735,"stat.useItem.minecraft.stone_slab2":432,"stat.pickup.minecraft.bow":23,"stat.drop.minecraft.iron_sword":1,"stat.pickup.minecraft.gold_ingot":64,"stat.pickup.minecraft.gold_ore":1,"stat.useItem.minecraft.iron_sword":4,"stat.killEntity.jenny":2,"stat.pickup.minecraft.grass":1,"stat.pickup.minecraft.leather":2,"stat.mobKills":10,"stat.pickup.minecraft.spawn_egg":4,"stat.flyOneCm":412817,"stat.pickup.minecraft.bed":2,"stat.deaths":10,"stat.pickup.minecraft.diamond":384,"stat.drop":1,"stat.playOneMinute":45228,"stat.killEntity.Sheep":1,"stat.sneakTime":699,"stat.damageDealt":541,"stat.timeSinceDeath":50,"stat.useItem.minecraft.spawn_egg":147,"stat.killEntity.Pig":1,"stat.pickup.minecraft.mutton":2}