{"stat.chestOpened":1,"stat.useItem.minecraft.bow":7,"stat.pickup.minecraft.wooden_slab":8,"stat.leaveGame":15,"stat.pickup.minecraft.iron_sword":41,"stat.killEntity.bee":1,"stat.useItem.minecraft.diamond_sword":6,"stat.useItem.minecraft.potion":1,"stat.pickup.minecraft.diamond_sword":2,"stat.useItem.minecraft.bedrock":304,"stat.jump":569,"stat.swimOneCm":276,"stat.fallOneCm":209,"stat.climbOneCm":879,"stat.pickup.minecraft.porkchop":54,"stat.crouchOneCm":3224,"stat.pickup.minecraft.sticky_piston":1,"stat.pickup.minecraft.dirt":1,"stat.useItem.minecraft.stone_slab2":804,"stat.pickup.minecraft.bow":37,"stat.drop.minecraft.iron_sword":1,"stat.pickup.minecraft.milk_bucket":3,"stat.pickup.minecraft.gold_ore":1,"stat.killEntity.jenny":6,"stat.pickup.minecraft.leather":2,"stat.useItem.minecraft.slime":11,"stat.flyOneCm":732203,"stat.pickup.minecraft.bed":4,"stat.useItem.minecraft.ender_pearl":2,"stat.pickup.minecraft.wheat_seeds":3,"stat.damageDealt":1445,"stat.sleepInBed":1,"stat.timeSinceDeath":18974,"stat.useItem.minecraft.spawn_egg":628,"stat.killEntity.Pig":1,"stat.pickup.minecraft.mutton":2,"stat.walkOneCm":162637,"stat.pickup.minecraft.golden_apple":60,"stat.playerKills":1,"stat.useItem.minecraft.lava_bucket":53,"stat.talkedToVillager":1,"stat.drop.minecraft.spawn_egg":1,"stat.pickup.minecraft.beef":49,"stat.pickup.minecraft.ender_pearl":16,"stat.sprintOneCm":47458,"stat.pickup.minecraft.gold_ingot":128,"stat.drop.minecraft.bow":1,"stat.useItem.minecraft.iron_sword":7,"stat.pickup.minecraft.grass":3,"stat.mobKills":14,"stat.pickup.minecraft.spawn_egg":8,"stat.deaths":13,"stat.pickup.minecraft.diamond":512,"stat.drop":3,"stat.playOneMinute":101270,"stat.pickup.minecraft.torch":4926,"stat.killEntity.Sheep":1,"stat.sneakTime":1599,"stat.pickup.minecraft.glass_pane":1,"stat.diveOneCm":203}