{"stat.walkOneCm":21735,"stat.pickup.minecraft.golden_apple":60,"stat.playerKills":1,"stat.leaveGame":1,"stat.pickup.minecraft.iron_sword":21,"stat.killEntity.bee":1,"stat.talkedToVillager":1,"stat.jump":122,"stat.fallOneCm":209,"stat.pickup.minecraft.beef":45,"stat.pickup.minecraft.porkchop":19,"stat.crouchOneCm":246,"stat.pickup.minecraft.dirt":1,"stat.sprintOneCm":9623,"stat.useItem.minecraft.stone_slab2":268,"stat.pickup.minecraft.bow":20,"stat.pickup.minecraft.gold_ingot":64,"stat.useItem.minecraft.iron_sword":4,"stat.killEntity.jenny":1,"stat.pickup.minecraft.leather":2,"stat.mobKills":4,"stat.pickup.minecraft.spawn_egg":3,"stat.flyOneCm":211795,"stat.pickup.minecraft.bed":1,"stat.deaths":4,"stat.pickup.minecraft.diamond":384,"stat.playOneMinute":18027,"stat.killEntity.Sheep":1,"stat.sneakTime":285,"stat.damageDealt":230,"stat.timeSinceDeath":7510,"stat.useItem.minecraft.spawn_egg":52,"stat.pickup.minecraft.mutton":2}