{"stat.walkOneCm":15755,"stat.pickup.minecraft.golden_apple":60,"stat.useItem.minecraft.iron_sword":4,"stat.killEntity.jenny":1,"stat.pickup.minecraft.iron_sword":21,"stat.pickup.minecraft.leather":2,"stat.mobKills":1,"stat.pickup.minecraft.spawn_egg":3,"stat.flyOneCm":40526,"stat.pickup.minecraft.bed":1,"stat.deaths":3,"stat.pickup.minecraft.diamond":384,"stat.jump":45,"stat.playOneMinute":8900,"stat.fallOneCm":209,"stat.pickup.minecraft.beef":45,"stat.sneakTime":58,"stat.pickup.minecraft.porkchop":19,"stat.damageDealt":220,"stat.crouchOneCm":10,"stat.timeSinceDeath":648,"stat.pickup.minecraft.dirt":1,"stat.sprintOneCm":8209,"stat.useItem.minecraft.spawn_egg":51,"stat.pickup.minecraft.bow":20,"stat.pickup.minecraft.mutton":2,"stat.pickup.minecraft.gold_ingot":64}