{"stat.chestOpened":1,"stat.pickup.minecraft.wooden_slab":8,"stat.leaveGame":7,"stat.pickup.minecraft.iron_sword":28,"stat.killEntity.bee":1,"stat.useItem.minecraft.diamond_sword":6,"stat.useItem.minecraft.potion":1,"stat.pickup.minecraft.diamond_sword":2,"stat.useItem.minecraft.bedrock":223,"stat.jump":415,"stat.swimOneCm":276,"stat.fallOneCm":209,"stat.pickup.minecraft.porkchop":48,"stat.crouchOneCm":2612,"stat.pickup.minecraft.dirt":1,"stat.useItem.minecraft.stone_slab2":706,"stat.pickup.minecraft.bow":26,"stat.drop.minecraft.iron_sword":1,"stat.pickup.minecraft.milk_bucket":3,"stat.pickup.minecraft.gold_ore":1,"stat.killEntity.jenny":4,"stat.pickup.minecraft.leather":2,"stat.useItem.minecraft.slime":11,"stat.flyOneCm":647076,"stat.pickup.minecraft.bed":4,"stat.useItem.minecraft.ender_pearl":2,"stat.pickup.minecraft.wheat_seeds":2,"stat.damageDealt":995,"stat.timeSinceDeath":15543,"stat.useItem.minecraft.spawn_egg":155,"stat.killEntity.Pig":1,"stat.pickup.minecraft.mutton":2,"stat.walkOneCm":94180,"stat.pickup.minecraft.golden_apple":60,"stat.playerKills":1,"stat.useItem.minecraft.lava_bucket":27,"stat.talkedToVillager":1,"stat.pickup.minecraft.beef":49,"stat.pickup.minecraft.ender_pearl":16,"stat.sprintOneCm":25985,"stat.pickup.minecraft.gold_ingot":128,"stat.useItem.minecraft.iron_sword":4,"stat.pickup.minecraft.grass":2,"stat.mobKills":12,"stat.pickup.minecraft.spawn_egg":7,"stat.deaths":12,"stat.pickup.minecraft.diamond":512,"stat.drop":1,"stat.playOneMinute":75062,"stat.pickup.minecraft.torch":4926,"stat.killEntity.Sheep":1,"stat.sneakTime":1368,"stat.pickup.minecraft.glass_pane":1,"stat.diveOneCm":203}