{"stat.chestOpened":7,"stat.walkOneCm":59850,"stat.useItem.minecraft.torch":86,"stat.killEntity.bia":1,"stat.leaveGame":1,"stat.pickup.minecraft.iron_sword":8,"stat.furnaceInteraction":1,"stat.useItem.minecraft.diamond_sword":8,"stat.pickup.minecraft.diamond_sword":2,"stat.useItem.minecraft.bedrock":35,"stat.jump":286,"stat.swimOneCm":1117,"stat.fallOneCm":922,"stat.useItem.minecraft.planks":83,"stat.killEntity.ellie":1,"stat.useItem.minecraft.milk_bucket":1,"stat.entityKilledBy.Skeleton":1,"stat.pickup.minecraft.porkchop":34,"stat.pickup.minecraft.stone":1,"stat.crouchOneCm":3,"stat.pickup.minecraft.ender_pearl":32,"stat.sprintOneCm":26522,"stat.pickup.minecraft.wooden_door":2,"stat.useItem.minecraft.stone_slab2":5,"stat.pickup.minecraft.bow":9,"stat.killEntity.slime":2,"stat.pickup.minecraft.iron_boots":1,"stat.pickup.minecraft.gold_ingot":15,"stat.pickup.minecraft.milk_bucket":5,"stat.pickup.minecraft.splash_potion":2,"stat.useItem.minecraft.iron_sword":12,"stat.pickup.minecraft.potion":1,"stat.killEntity.jenny":3,"stat.pickup.minecraft.grass":1,"stat.pickup.minecraft.diamond_helmet":5,"stat.damageTaken":313,"stat.mobKills":7,"stat.pickup.minecraft.emerald":64,"stat.pickup.minecraft.planks":2,"stat.pickup.minecraft.spawn_egg":7,"stat.pickup.minecraft.diamond_leggings":6,"stat.flyOneCm":339769,"stat.pickup.minecraft.bed":1,"stat.deaths":11,"stat.pickup.minecraft.diamond":194,"stat.pickup.minecraft.wheat_seeds":1,"stat.playOneMinute":44449,"stat.pickup.minecraft.torch":129,"stat.pickup.minecraft.slime_ball":6,"stat.sneakTime":214,"stat.damageDealt":1458,"stat.timeSinceDeath":14442,"stat.useItem.minecraft.spawn_egg":4,"stat.diveOneCm":652}