{"stat.walkOneCm":25949,"stat.killEntity.bia":1,"stat.useItem.minecraft.iron_sword":11,"stat.pickup.minecraft.potion":1,"stat.leaveGame":1,"stat.pickup.minecraft.iron_sword":3,"stat.damageTaken":40,"stat.mobKills":4,"stat.useItem.minecraft.diamond_sword":2,"stat.pickup.minecraft.spawn_egg":4,"stat.flyOneCm":50075,"stat.deaths":4,"stat.pickup.minecraft.diamond_sword":1,"stat.pickup.minecraft.diamond":66,"stat.jump":119,"stat.playOneMinute":14449,"stat.killEntity.ellie":1,"stat.entityKilledBy.Skeleton":1,"stat.pickup.minecraft.slime_ball":6,"stat.damageDealt":870,"stat.pickup.minecraft.porkchop":16,"stat.pickup.minecraft.stone":1,"stat.timeSinceDeath":2431,"stat.pickup.minecraft.ender_pearl":16,"stat.sprintOneCm":10190,"stat.useItem.minecraft.spawn_egg":2,"stat.useItem.minecraft.stone_slab2":1,"stat.pickup.minecraft.bow":3,"stat.killEntity.slime":2,"stat.pickup.minecraft.gold_ingot":4}