{"stat.chestOpened":8,"stat.useItem.minecraft.bow":1,"stat.walkOneCm":79446,"stat.useItem.minecraft.torch":86,"stat.killEntity.bia":1,"stat.leaveGame":1,"stat.pickup.minecraft.iron_sword":20,"stat.furnaceInteraction":1,"stat.drop.minecraft.diamond_block":15,"stat.useItem.minecraft.lava_bucket":3,"stat.useItem.minecraft.diamond_sword":8,"stat.pickup.minecraft.diamond_sword":2,"stat.useItem.minecraft.bedrock":37,"stat.jump":348,"stat.swimOneCm":1531,"stat.pickup.minecraft.bedrock":128,"stat.fallOneCm":922,"stat.useItem.minecraft.planks":84,"stat.climbOneCm":532,"stat.pickup.minecraft.beef":4,"stat.killEntity.ellie":1,"stat.useItem.minecraft.milk_bucket":1,"stat.entityKilledBy.Skeleton":1,"stat.pickup.minecraft.porkchop":38,"stat.pickup.minecraft.stone":2,"stat.crouchOneCm":905,"stat.pickup.minecraft.ender_pearl":32,"stat.sprintOneCm":44568,"stat.pickup.minecraft.wooden_door":2,"stat.useItem.minecraft.diamond_block":28,"stat.useItem.minecraft.stone_slab2":43,"stat.pickup.minecraft.bow":20,"stat.killEntity.slime":2,"stat.pickup.minecraft.iron_boots":1,"stat.pickup.minecraft.gold_ingot":15,"stat.pickup.minecraft.milk_bucket":5,"stat.pickup.minecraft.splash_potion":2,"stat.useItem.minecraft.iron_sword":14,"stat.pickup.minecraft.potion":1,"stat.killEntity.jenny":3,"stat.pickup.minecraft.grass":1,"stat.pickup.minecraft.diamond_helmet":7,"stat.damageTaken":313,"stat.mobKills":7,"stat.pickup.minecraft.emerald":64,"stat.pickup.minecraft.diamond_chestplate":2,"stat.pickup.minecraft.diamond_boots":2,"stat.pickup.minecraft.planks":3,"stat.pickup.minecraft.spawn_egg":8,"stat.pickup.minecraft.diamond_leggings":8,"stat.flyOneCm":356006,"stat.pickup.minecraft.bed":1,"stat.deaths":12,"stat.pickup.minecraft.diamond":194,"stat.pickup.minecraft.wheat_seeds":2,"stat.drop":15,"stat.playOneMinute":56449,"stat.pickup.minecraft.torch":129,"stat.pickup.minecraft.slime_ball":8,"stat.sneakTime":386,"stat.pickup.minecraft.diamond_block":15,"stat.pickup.minecraft.lava_bucket":1,"stat.damageDealt":1500,"stat.pickup.minecraft.glass_pane":1,"stat.timeSinceDeath":4653,"stat.pickup.minecraft.iron_bars":1,"stat.useItem.minecraft.spawn_egg":5,"stat.diveOneCm":845,"stat.pickup.minecraft.chest":1}