{"stat.walkOneCm":69706,"stat.pickup.minecraft.golden_apple":120,"stat.leaveGame":2,"stat.pickup.minecraft.iron_sword":6,"stat.pickup.minecraft.shield":2,"stat.jump":225,"stat.fallOneCm":1781,"stat.pickup.minecraft.beef":7,"stat.pickup.minecraft.porkchop":12,"stat.crouchOneCm":1309,"stat.pickup.minecraft.dirt":2,"stat.sprintOneCm":11092,"stat.useItem.minecraft.stone_slab2":33,"stat.pickup.minecraft.bow":6,"stat.drop.minecraft.iron_sword":1,"stat.pickup.minecraft.gold_ingot":64,"stat.pickup.minecraft.rotten_flesh":2,"stat.pickup.minecraft.sand":6,"stat.drop.minecraft.bow":2,"stat.pickup.minecraft.leaves":1,"stat.pickup.minecraft.grass":1,"stat.damageTaken":728,"stat.pickup.minecraft.leather":2,"stat.mobKills":1,"stat.pickup.minecraft.emerald":64,"stat.pickup.minecraft.sugar":1,"stat.pickup.minecraft.spawn_egg":70,"stat.useItem.minecraft.golden_apple":4,"stat.flyOneCm":50579,"stat.pickup.minecraft.bed":1,"stat.deaths":8,"stat.pickup.minecraft.wheat_seeds":1,"stat.pickup.minecraft.diamond":384,"stat.drop":6,"stat.mineBlock.minecraft.sand":2,"stat.playOneMinute":27803,"stat.entityKilledBy.Zombie":2,"stat.sneakTime":391,"stat.damageDealt":736,"stat.drop.minecraft.beef":4,"stat.killEntity.Zombie":1,"stat.timeSinceDeath":5340,"stat.useItem.minecraft.spawn_egg":35,"stat.drop.minecraft.grass":2}