{"stat.leaveGame":4,"stat.pickup.minecraft.iron_sword":6,"stat.jump":251,"stat.fallOneCm":1781,"stat.pickup.minecraft.porkchop":12,"stat.crouchOneCm":1325,"stat.pickup.minecraft.dirt":2,"stat.useItem.minecraft.stone_slab2":82,"stat.pickup.minecraft.bow":6,"stat.drop.minecraft.iron_sword":1,"stat.pickup.minecraft.rotten_flesh":2,"stat.pickup.minecraft.sand":6,"stat.boatOneCm":52177,"stat.pickup.minecraft.leaves":1,"stat.damageTaken":728,"stat.pickup.minecraft.leather":2,"stat.flyOneCm":76647,"stat.pickup.minecraft.bed":1,"stat.pickup.minecraft.wheat_seeds":1,"stat.mineBlock.minecraft.sand":2,"stat.entityKilledBy.Zombie":2,"stat.damageDealt":751,"stat.pickup.minecraft.redstone":2,"stat.timeSinceDeath":9081,"stat.useItem.minecraft.spawn_egg":35,"stat.walkOneCm":87503,"stat.pickup.minecraft.golden_apple":120,"stat.useItem.minecraft.lever":2,"stat.pickup.minecraft.shield":2,"stat.pickup.minecraft.beef":7,"stat.useItem.minecraft.redstone":1,"stat.sprintOneCm":11780,"stat.pickup.minecraft.gold_ingot":64,"stat.drop.minecraft.bow":2,"stat.pickup.minecraft.grass":1,"stat.mobKills":1,"stat.pickup.minecraft.emerald":64,"stat.pickup.minecraft.sugar":1,"stat.pickup.minecraft.spawn_egg":70,"stat.useItem.minecraft.golden_apple":4,"stat.useItem.minecraft.boat":1,"stat.pickup.minecraft.lever":1,"stat.deaths":9,"stat.pickup.minecraft.diamond":384,"stat.drop":6,"stat.playOneMinute":37183,"stat.sneakTime":454,"stat.drop.minecraft.beef":4,"stat.killEntity.Zombie":1,"stat.drop.minecraft.grass":2}