{"stat.pickup.minecraft.rotten_flesh":2,"stat.pickup.minecraft.sand":6,"stat.drop.minecraft.bow":2,"stat.walkOneCm":44404,"stat.pickup.minecraft.golden_apple":120,"stat.pickup.minecraft.leaves":1,"stat.pickup.minecraft.iron_sword":6,"stat.damageTaken":700,"stat.pickup.minecraft.leather":2,"stat.mobKills":1,"stat.pickup.minecraft.emerald":64,"stat.pickup.minecraft.sugar":1,"stat.pickup.minecraft.spawn_egg":70,"stat.useItem.minecraft.golden_apple":4,"stat.flyOneCm":25392,"stat.pickup.minecraft.bed":1,"stat.deaths":6,"stat.pickup.minecraft.wheat_seeds":1,"stat.pickup.minecraft.diamond":384,"stat.drop":4,"stat.mineBlock.minecraft.sand":2,"stat.jump":144,"stat.playOneMinute":16088,"stat.fallOneCm":1115,"stat.entityKilledBy.Zombie":2,"stat.pickup.minecraft.beef":7,"stat.sneakTime":34,"stat.damageDealt":726,"stat.pickup.minecraft.porkchop":12,"stat.drop.minecraft.beef":4,"stat.crouchOneCm":72,"stat.killEntity.Zombie":1,"stat.timeSinceDeath":376,"stat.pickup.minecraft.dirt":1,"stat.sprintOneCm":3772,"stat.useItem.minecraft.stone_slab2":5,"stat.useItem.minecraft.spawn_egg":35,"stat.pickup.minecraft.bow":6,"stat.drop.minecraft.iron_sword":1,"stat.pickup.minecraft.gold_ingot":64}