{"stat.pickup.minecraft.rotten_flesh":2,"stat.pickup.minecraft.sugar":1,"stat.useItem.minecraft.golden_apple":4,"stat.flyOneCm":3735,"stat.pickup.minecraft.sand":5,"stat.deaths":2,"stat.walkOneCm":12630,"stat.pickup.minecraft.wheat_seeds":1,"stat.jump":83,"stat.mineBlock.minecraft.sand":2,"stat.playOneMinute":4088,"stat.fallOneCm":1115,"stat.entityKilledBy.Zombie":2,"stat.sneakTime":3,"stat.damageTaken":700,"stat.damageDealt":720,"stat.killEntity.Zombie":1,"stat.timeSinceDeath":2959,"stat.mobKills":1}