{"stat.pickup.minecraft.bone":1,"stat.leaveGame":5,"stat.pickup.minecraft.iron_sword":20,"stat.pickup.minecraft.arrow":2,"stat.useItem.minecraft.diamond_sword":12,"stat.pickup.minecraft.diamond_sword":1,"stat.jump":814,"stat.useItem.minecraft.sand":18,"stat.pickup.minecraft.porkchop":33,"stat.pickup.minecraft.gunpowder":2,"stat.crouchOneCm":2799,"stat.pickup.minecraft.dirt":1,"stat.useItem.minecraft.dirt":1,"stat.useItem.minecraft.stone_slab2":26,"stat.pickup.minecraft.bow":20,"stat.pickup.minecraft.rotten_flesh":3,"stat.pickup.minecraft.sand":10,"stat.killEntity.jenny":2,"stat.pickup.minecraft.leather":3,"stat.damageTaken":240,"stat.flyOneCm":243803,"stat.pickup.minecraft.bed":3,"stat.pickup.minecraft.wheat_seeds":1,"stat.killEntity.Witch":1,"stat.damageDealt":1338,"stat.drop.minecraft.gold_ingot":64,"stat.timeSinceDeath":838,"stat.mineBlock.minecraft.dirt":1,"stat.useItem.minecraft.spawn_egg":18,"stat.walkOneCm":81385,"stat.pickup.minecraft.golden_apple":60,"stat.pickup.sexmod.allies_lamp":1,"stat.mineBlock.minecraft.double_plant":1,"stat.drop.minecraft.spawn_egg":11,"stat.pickup.minecraft.beef":11,"stat.pickup.minecraft.stone":1,"stat.pickup.minecraft.ender_pearl":16,"stat.sprintOneCm":59568,"stat.pickup.minecraft.gold_ingot":128,"stat.pickup.minecraft.grass":2,"stat.killEntity.Husk":1,"stat.mobKills":4,"stat.pickup.minecraft.emerald":64,"stat.drop.minecraft.golden_apple":60,"stat.pickup.minecraft.spawn_egg":68,"stat.deaths":7,"stat.drop":16,"stat.pickup.minecraft.diamond":64,"stat.playOneMinute":59720,"stat.sneakTime":740,"stat.pickup.minecraft.diamond_block":1,"stat.drop.minecraft.grass":2,"stat.mineBlock.minecraft.tallgrass":1}