{"stat.chestOpened":13,"stat.useItem.minecraft.splash_potion":138,"stat.pickup.minecraft.bone":3,"stat.leaveGame":8,"stat.pickup.minecraft.iron_sword":94,"stat.pickup.minecraft.arrow":2,"stat.useItem.minecraft.diamond_sword":14,"stat.pickup.minecraft.flower_pot":1,"stat.pickup.minecraft.diamond_sword":4,"stat.jump":1842,"stat.useItem.minecraft.sand":18,"stat.swimOneCm":2324,"stat.climbOneCm":1242,"stat.pickup.minecraft.enchanted_book":1,"stat.pickup.minecraft.porkchop":231,"stat.pickup.minecraft.gunpowder":2,"stat.crouchOneCm":10446,"stat.pickup.minecraft.dirt":1,"stat.useItem.minecraft.dirt":1,"stat.useItem.minecraft.stone_slab2":203,"stat.pickup.minecraft.bow":95,"stat.pickup.minecraft.iron_boots":1,"stat.pickup.minecraft.iron_ore":1,"stat.pickup.minecraft.rotten_flesh":3,"stat.drop.minecraft.milk_bucket":3,"stat.pickup.minecraft.sand":11,"stat.pickup.minecraft.milk_bucket":4,"stat.pickup.minecraft.gold_ore":1,"stat.pickup.minecraft.splash_potion":2,"stat.killEntity.jenny":2,"stat.pickup.minecraft.leather":3,"stat.damageTaken":240,"stat.pickup.minecraft.planks":4,"stat.pickup.minecraft.diamond_leggings":9,"stat.flyOneCm":633615,"stat.pickup.minecraft.bed":7,"stat.pickup.minecraft.wheat_seeds":1,"stat.killEntity.Witch":1,"stat.damageDealt":1848,"stat.drop.minecraft.gold_ingot":68,"stat.timeSinceDeath":28691,"stat.mineBlock.minecraft.dirt":1,"stat.drop.minecraft.diamond":2,"stat.useItem.minecraft.spawn_egg":32,"stat.walkOneCm":185008,"stat.pickup.minecraft.armor_stand":1,"stat.pickup.minecraft.golden_apple":124,"stat.playerKills":1,"stat.killEntity.bia":1,"stat.pickup.sexmod.allies_lamp":1,"stat.mineBlock.minecraft.double_plant":1,"stat.useItem.minecraft.armor_stand":3,"stat.drop.minecraft.spawn_egg":11,"stat.pickup.minecraft.bedrock":128,"stat.pickup.minecraft.beef":18,"stat.pickup.minecraft.stone":3,"stat.pickup.minecraft.ender_pearl":48,"stat.sprintOneCm":144599,"stat.useItem.minecraft.diamond_block":17,"stat.pickup.minecraft.gold_ingot":342,"stat.useItem.minecraft.iron_sword":3,"stat.pickup.minecraft.grass":4,"stat.pickup.minecraft.diamond_helmet":8,"stat.killEntity.Husk":1,"stat.mobKills":5,"stat.pickup.minecraft.emerald":128,"stat.drop.minecraft.golden_apple":60,"stat.pickup.minecraft.diamond_chestplate":8,"stat.pickup.minecraft.diamond_boots":5,"stat.pickup.minecraft.spawn_egg":271,"stat.deaths":16,"stat.drop":25,"stat.pickup.minecraft.diamond":321,"stat.playOneMinute":142669,"stat.pickup.minecraft.torch":13483,"stat.useItem.minecraft.ladder":8,"stat.sneakTime":2855,"stat.pickup.minecraft.diamond_block":129,"stat.pickup.minecraft.lava_bucket":1,"stat.pickup.minecraft.glass_pane":1,"stat.pickup.minecraft.iron_bars":1,"stat.drop.minecraft.grass":2,"stat.mineBlock.minecraft.tallgrass":1,"stat.diveOneCm":1069}