{"stats":{"minecraft:killed_by":{"minecraft:zombie":1},"minecraft:mined":{"minecraft:short_grass":3,"minecraft:grass_block":3,"minecraft:dirt":2},"minecraft:used":{"minecraft:dirt":5},"minecraft:picked_up":{"minecraft:dirt":5},"minecraft:custom":{"minecraft:jump":24,"minecraft:time_since_rest":4861,"minecraft:deaths":1,"minecraft:play_time":6407,"minecraft:leave_game":1,"minecraft:sprint_one_cm":431,"minecraft:damage_taken":307,"minecraft:time_since_death":1471,"minecraft:walk_one_cm":3274,"minecraft:total_world_time":6407,"minecraft:fall_one_cm":667,"minecraft:fly_one_cm":2637}},"DataVersion":3955}