{"stat.chestOpened":8,"stat.useItem.minecraft.splash_potion":138,"stat.pickup.minecraft.bone":3,"stat.leaveGame":8,"stat.pickup.minecraft.iron_sword":92,"stat.pickup.minecraft.arrow":2,"stat.useItem.minecraft.diamond_sword":12,"stat.pickup.minecraft.flower_pot":1,"stat.pickup.minecraft.diamond_sword":3,"stat.jump":1720,"stat.useItem.minecraft.sand":18,"stat.swimOneCm":2324,"stat.pickup.minecraft.porkchop":225,"stat.pickup.minecraft.gunpowder":2,"stat.crouchOneCm":8565,"stat.pickup.minecraft.dirt":1,"stat.useItem.minecraft.dirt":1,"stat.useItem.minecraft.stone_slab2":175,"stat.pickup.minecraft.bow":93,"stat.pickup.minecraft.iron_ore":1,"stat.pickup.minecraft.rotten_flesh":3,"stat.drop.minecraft.milk_bucket":3,"stat.pickup.minecraft.sand":11,"stat.pickup.minecraft.milk_bucket":4,"stat.pickup.minecraft.gold_ore":1,"stat.pickup.minecraft.splash_potion":2,"stat.killEntity.jenny":2,"stat.pickup.minecraft.leather":3,"stat.damageTaken":240,"stat.pickup.minecraft.planks":3,"stat.flyOneCm":593230,"stat.pickup.minecraft.bed":7,"stat.pickup.minecraft.wheat_seeds":1,"stat.killEntity.Witch":1,"stat.damageDealt":1638,"stat.drop.minecraft.gold_ingot":68,"stat.timeSinceDeath":15702,"stat.mineBlock.minecraft.dirt":1,"stat.drop.minecraft.diamond":2,"stat.useItem.minecraft.spawn_egg":27,"stat.walkOneCm":151120,"stat.pickup.minecraft.golden_apple":60,"stat.playerKills":1,"stat.pickup.sexmod.allies_lamp":1,"stat.mineBlock.minecraft.double_plant":1,"stat.useItem.minecraft.armor_stand":3,"stat.drop.minecraft.spawn_egg":11,"stat.pickup.minecraft.beef":18,"stat.pickup.minecraft.stone":2,"stat.pickup.minecraft.ender_pearl":48,"stat.sprintOneCm":122524,"stat.pickup.minecraft.gold_ingot":342,"stat.useItem.minecraft.iron_sword":3,"stat.pickup.minecraft.grass":4,"stat.pickup.minecraft.diamond_helmet":1,"stat.killEntity.Husk":1,"stat.mobKills":4,"stat.pickup.minecraft.emerald":128,"stat.drop.minecraft.golden_apple":60,"stat.pickup.minecraft.diamond_chestplate":2,"stat.pickup.minecraft.spawn_egg":79,"stat.deaths":15,"stat.drop":25,"stat.pickup.minecraft.diamond":321,"stat.playOneMinute":106669,"stat.pickup.minecraft.torch":13483,"stat.sneakTime":2484,"stat.pickup.minecraft.diamond_block":1,"stat.drop.minecraft.grass":2,"stat.mineBlock.minecraft.tallgrass":1,"stat.diveOneCm":1069}