{"stat.pickup.minecraft.sand":10,"stat.walkOneCm":62700,"stat.pickup.minecraft.golden_apple":60,"stat.killEntity.jenny":2,"stat.leaveGame":2,"stat.pickup.minecraft.iron_sword":19,"stat.pickup.minecraft.grass":2,"stat.pickup.sexmod.allies_lamp":1,"stat.pickup.minecraft.leather":3,"stat.killEntity.Husk":1,"stat.mineBlock.minecraft.double_plant":1,"stat.mobKills":4,"stat.pickup.minecraft.emerald":64,"stat.drop.minecraft.golden_apple":60,"stat.useItem.minecraft.diamond_sword":12,"stat.pickup.minecraft.spawn_egg":2,"stat.drop.minecraft.spawn_egg":8,"stat.flyOneCm":131955,"stat.pickup.minecraft.bed":1,"stat.deaths":4,"stat.pickup.minecraft.diamond_sword":1,"stat.pickup.minecraft.wheat_seeds":1,"stat.drop":13,"stat.jump":391,"stat.useItem.minecraft.sand":18,"stat.playOneMinute":38012,"stat.killEntity.Witch":1,"stat.pickup.minecraft.beef":8,"stat.sneakTime":424,"stat.damageDealt":1031,"stat.pickup.minecraft.porkchop":33,"stat.drop.minecraft.gold_ingot":64,"stat.crouchOneCm":1453,"stat.timeSinceDeath":12646,"stat.pickup.minecraft.ender_pearl":16,"stat.pickup.minecraft.dirt":1,"stat.useItem.minecraft.dirt":1,"stat.mineBlock.minecraft.dirt":1,"stat.sprintOneCm":38033,"stat.useItem.minecraft.stone_slab2":19,"stat.useItem.minecraft.spawn_egg":12,"stat.pickup.minecraft.bow":19,"stat.drop.minecraft.grass":2,"stat.mineBlock.minecraft.tallgrass":1,"stat.pickup.minecraft.gold_ingot":64}