{"stat.pickup.minecraft.sand":8,"stat.walkOneCm":9853,"stat.killEntity.jenny":1,"stat.leaveGame":2,"stat.pickup.minecraft.iron_sword":1,"stat.killEntity.Husk":1,"stat.mineBlock.minecraft.double_plant":1,"stat.mobKills":3,"stat.useItem.minecraft.diamond_sword":9,"stat.flyOneCm":3328,"stat.pickup.minecraft.wheat_seeds":1,"stat.jump":41,"stat.useItem.minecraft.sand":18,"stat.playOneMinute":14012,"stat.killEntity.Witch":1,"stat.sneakTime":179,"stat.damageDealt":655,"stat.pickup.minecraft.porkchop":3,"stat.crouchOneCm":745,"stat.timeSinceDeath":14012,"stat.pickup.minecraft.dirt":1,"stat.mineBlock.minecraft.dirt":1,"stat.sprintOneCm":5185,"stat.useItem.minecraft.stone_slab2":8,"stat.useItem.minecraft.spawn_egg":6,"stat.pickup.minecraft.bow":1,"stat.mineBlock.minecraft.tallgrass":1}