{"stat.pickup.minecraft.sand":9,"stat.walkOneCm":33850,"stat.pickup.minecraft.golden_apple":60,"stat.killEntity.jenny":1,"stat.leaveGame":2,"stat.pickup.minecraft.iron_sword":18,"stat.pickup.minecraft.leather":3,"stat.killEntity.Husk":1,"stat.mineBlock.minecraft.double_plant":1,"stat.mobKills":3,"stat.pickup.minecraft.emerald":64,"stat.drop.minecraft.golden_apple":60,"stat.useItem.minecraft.diamond_sword":9,"stat.pickup.minecraft.spawn_egg":1,"stat.drop.minecraft.spawn_egg":3,"stat.flyOneCm":53244,"stat.pickup.minecraft.bed":1,"stat.deaths":4,"stat.pickup.minecraft.diamond_sword":1,"stat.pickup.minecraft.wheat_seeds":1,"stat.drop":4,"stat.jump":219,"stat.useItem.minecraft.sand":18,"stat.playOneMinute":26012,"stat.killEntity.Witch":1,"stat.pickup.minecraft.beef":8,"stat.sneakTime":254,"stat.damageDealt":753,"stat.pickup.minecraft.porkchop":32,"stat.crouchOneCm":931,"stat.timeSinceDeath":646,"stat.pickup.minecraft.dirt":1,"stat.mineBlock.minecraft.dirt":1,"stat.sprintOneCm":26556,"stat.useItem.minecraft.stone_slab2":17,"stat.useItem.minecraft.spawn_egg":8,"stat.pickup.minecraft.bow":19,"stat.mineBlock.minecraft.tallgrass":1,"stat.pickup.minecraft.gold_ingot":64}