{"stat.pickup.minecraft.bone":3,"stat.leaveGame":8,"stat.pickup.minecraft.iron_sword":87,"stat.pickup.minecraft.arrow":2,"stat.useItem.minecraft.diamond_sword":12,"stat.pickup.minecraft.diamond_sword":1,"stat.jump":1259,"stat.useItem.minecraft.sand":18,"stat.pickup.minecraft.porkchop":208,"stat.pickup.minecraft.gunpowder":2,"stat.crouchOneCm":3963,"stat.pickup.minecraft.dirt":1,"stat.useItem.minecraft.dirt":1,"stat.useItem.minecraft.stone_slab2":78,"stat.pickup.minecraft.bow":87,"stat.pickup.minecraft.iron_ore":1,"stat.pickup.minecraft.rotten_flesh":3,"stat.pickup.minecraft.sand":10,"stat.pickup.minecraft.gold_ore":1,"stat.killEntity.jenny":2,"stat.pickup.minecraft.leather":3,"stat.damageTaken":240,"stat.flyOneCm":391758,"stat.pickup.minecraft.bed":5,"stat.pickup.minecraft.wheat_seeds":1,"stat.killEntity.Witch":1,"stat.damageDealt":1368,"stat.drop.minecraft.gold_ingot":68,"stat.timeSinceDeath":229,"stat.mineBlock.minecraft.dirt":1,"stat.drop.minecraft.diamond":2,"stat.useItem.minecraft.spawn_egg":25,"stat.walkOneCm":109213,"stat.pickup.minecraft.golden_apple":60,"stat.pickup.sexmod.allies_lamp":1,"stat.mineBlock.minecraft.double_plant":1,"stat.drop.minecraft.spawn_egg":11,"stat.pickup.minecraft.beef":15,"stat.pickup.minecraft.stone":2,"stat.pickup.minecraft.ender_pearl":32,"stat.sprintOneCm":89010,"stat.pickup.minecraft.gold_ingot":256,"stat.pickup.minecraft.grass":2,"stat.killEntity.Husk":1,"stat.mobKills":4,"stat.pickup.minecraft.emerald":64,"stat.drop.minecraft.golden_apple":60,"stat.pickup.minecraft.spawn_egg":75,"stat.deaths":13,"stat.drop":22,"stat.pickup.minecraft.diamond":193,"stat.playOneMinute":76988,"stat.sneakTime":987,"stat.pickup.minecraft.diamond_block":1,"stat.drop.minecraft.grass":2,"stat.mineBlock.minecraft.tallgrass":1}